Wall time,Step,Value
1655584631.4594975,160000,200.0
1655602551.5517461,320000,200.0
1655620569.1667151,480000,200.0
1655638578.336221,640000,200.0
1655656590.591003,800000,200.0
1655674617.6783288,960000,200.0
