Wall time,Step,Value
1655584631.4595516,160000,1019998.625
1655602551.5517972,320000,1166846.75
1655620569.166763,480000,1256525.5
1655638578.336296,640000,1155172.0
1655656590.5910547,800000,1210415.75
1655674617.678382,960000,1163403.5
